{
  "use_age_specific": true,
  "crude_annual_rate": 0.005227549788845551,
  "age_specific": {
    "0": 0.00995196,
    "1-4": 0.00043471,
    "5-9": 0.00042198,
    "10-14": 0.00038149,
    "15-19": 0.00103169,
    "20-24": 0.00131386,
    "25-29": 0.00124411,
    "30-34": 0.00135656,
    "35-39": 0.00158952,
    "40-44": 0.00205244,
    "45-49": 0.00288017,
    "50-54": 0.0043462,
    "55-59": 0.0066491,
    "60-64": 0.00954606,
    "65-69": 0.01383384,
    "70-74": 0.02645903,
    "75-79": 0.05493138,
    "80-84": 0.10800575,
    "85-89": 0.17784608,
    "90+": 0.28372598568984436
  },
  "source": {
    "country": "Iran",
    "method": "un_wpp_abridged",
    "wpp_csv": "data\\raw\\population-un-data-portal-iran.csv",
    "year": 2024,
    "sex": "Male",
    "pop_csv": "data\\raw\\Iran_2024.csv",
    "calculator_version": "1.0.0",
    "citation": "United Nations DESA, Population Division (2024). World Population Prospects 2024."
  }
}