{
  "use_age_specific": true,
  "crude_annual_rate": 0.0128,
  "age_specific": {
    "0": 0.00369,
    "1-4": 0.00015,
    "5-9": 0.00009,
    "10-14": 0.00012,
    "15-19": 0.00036,
    "20-24": 0.00056,
    "25-29": 0.0007,
    "30-34": 0.00093,
    "35-39": 0.00139,
    "40-44": 0.00194,
    "45-49": 0.00299,
    "50-54": 0.00479,
    "55-59": 0.00757,
    "60-64": 0.01211,
    "65-69": 0.0188,
    "70-74": 0.02686,
    "75-79": 0.0408,
    "80-84": 0.06525,
    "85-89": 0.1132,
    "90+": 0.2
  }
}
